"","window","label","parent","node","branch.length","end_dpi","mut","site","num_branches","end_tissue","origin_dpi","origin_tissue","min_win"
"1",30,"022D03OR04","482","274","0.05306",21.8999999999801,"A460G",460,510,"CD14",3.64999999999668,"CD14",30
"3",30,"022D03OR23","497","295","0.02237",21.8999999999801,"T129C",129,510,"CD14",14.5999999999867,"CD14",30
"5",30,"022D03PR04","367","68","0.05553",21.8999999999801,"T684C",684,510,"plasma",0,"plasma",30
"7",30,"022D03PR06","464","245","0.05292",21.8999999999801,"T255C",255,510,"plasma",3.64999999999668,"plasma",30
"9",30,"022D03PR08","506","306","0.05298",21.8999999999801,"T684C",684,510,"plasma",3.64999999999668,"lymph_node",30
"11",30,"022D03PR19","487","283","0.0516",21.8999999999801,"C684T",684,510,"plasma",3.64999999999668,"plasma",30
"13",30,"061D03KR03","458","230","0.16151",62.0500000000266,"G12A",12,510,"CD3",3.64999999999668,"CD14",30
"17",30,"061D03KR03","458","230","0.16151",62.0500000000266,"C684T",684,510,"CD3",3.64999999999668,"CD14",30
"19",30,"061D03KR07","431","167","0.20474",62.0500000000266,"C558T",558,510,"CD3",-14.5999999999867,"plasma",30
"21",30,"061D03KR07","431","167","0.20474",62.0500000000266,"C1213G",1213,510,"CD3",-14.5999999999867,"plasma",30
"23",30,"061D03KR07","431","167","0.20474",62.0500000000266,"T255C",255,510,"CD3",-14.5999999999867,"plasma",30
"25",30,"061D03KR07","431","167","0.20474",62.0500000000266,"A1216G",1216,510,"CD3",-14.5999999999867,"plasma",30
"27",30,"061D03KR10","391","102","0.16152",62.0500000000266,"T165C",165,510,"CD3",3.64999999999668,"CD3",30
"29",30,"061D03KR11","366","67","0.30121",62.0500000000266,"T18C",18,510,"CD3",-47.4500000000398,"plasma",30
"33",30,"061D03OR02","436","179","0.1673",62.0500000000266,"T18C",18,510,"CD14",0,"brain_parietal",30
"37",30,"061D03OR04","402","123","0.22979",62.0500000000266,"G388A",388,510,"CD14",-21.8999999999801,"plasma",30
"39",30,"061D03OR04","402","123","0.22979",62.0500000000266,"G12A",12,510,"CD14",-21.8999999999801,"plasma",30
"43",30,"061D03OR05","408","129","0.16206",62.0500000000266,"G12A",12,510,"CD14",3.64999999999668,"plasma",30
"47",30,"061D03OR06","450","206","0.1587",62.0500000000266,"C558T",558,510,"CD14",3.64999999999668,"CD14",30
"49",30,"061D03OR06","450","206","0.1587",62.0500000000266,"C27T",27,510,"CD14",3.64999999999668,"CD14",30
"51",30,"061D03OR10","466","249","0.16099",62.0500000000266,"T30C",30,510,"CD14",3.64999999999668,"plasma",30
"53",30,"061D03OR11","412","136","0.16173",62.0500000000266,"G474A",474,510,"CD14",3.64999999999668,"plasma",30
"55",30,"061D03OR17","493","290","0.15927",62.0500000000266,"A15G",15,510,"CD14",3.64999999999668,"CD14",30
"61",30,"061D03OR19","423","151","0.15974",62.0500000000266,"A15G",15,510,"CD14",3.64999999999668,"brain_frontal",30
"67",30,"061D03OR20","416","141","0.16159",62.0500000000266,"C1213G",1213,510,"CD14",3.64999999999668,"plasma",30
"69",30,"061D03OR21","424","153","0.16185",62.0500000000266,"G12A",12,510,"CD14",3.64999999999668,"brain_frontal",30
"73",30,"061D03OR27","443","188","0.16147",62.0500000000266,"G12A",12,510,"CD14",3.64999999999668,"CD14",30
"77",30,"061D03OR27","443","188","0.16147",62.0500000000266,"T165C",165,510,"CD14",3.64999999999668,"CD14",30
"79",30,"061D03OR30","425","159","0.16947",62.0500000000266,"C165T",165,510,"CD14",0,"brain_frontal",30
"81",30,"061D03OR30","425","159","0.16947",62.0500000000266,"T277A",277,510,"CD14",0,"brain_frontal",30
"83",30,"061D03OR31","444","189","0.15346",62.0500000000266,"C558T",558,510,"CD14",3.64999999999668,"CD14",30
"85",30,"061D03OR32","485","280","0.1684",62.0500000000266,"T18C",18,510,"CD14",0,"plasma",30
"89",30,"061D03OR32","485","280","0.1684",62.0500000000266,"T165C",165,510,"CD14",0,"plasma",30
"91",30,"061D03OR32","485","280","0.1684",62.0500000000266,"A388G",388,510,"CD14",0,"plasma",30
"93",30,"061D03OR35","377","81","0.13158",62.0500000000266,"T255C",255,510,"CD14",14.5999999999867,"BAL",30
"95",30,"061D03OR35","377","81","0.13158",62.0500000000266,"C558T",558,510,"CD14",14.5999999999867,"BAL",30
"97",30,"061D03OR35","377","81","0.13158",62.0500000000266,"T18C",18,510,"CD14",14.5999999999867,"BAL",30
"101",30,"061D03PR04","428","161","0.12497",62.0500000000266,"C165T",165,510,"plasma",14.5999999999867,"plasma",30
"103",30,"061D03PR07","431","168","0.20474",62.0500000000266,"C27T",27,510,"plasma",-14.5999999999867,"plasma",30
"105",30,"061D03PR07","431","168","0.20474",62.0500000000266,"A194G",194,510,"plasma",-14.5999999999867,"plasma",30
"107",30,"061D03PR10","408","130","0.16206",62.0500000000266,"C27T",27,510,"plasma",3.64999999999668,"plasma",30
"109",30,"061D03PR11","507","308","0.1492",62.0500000000266,"C255T",255,510,"plasma",7.29999999999336,"lymph_node",30
"111",30,"061D03PR11","507","308","0.1492",62.0500000000266,"G12A",12,510,"plasma",7.29999999999336,"lymph_node",30
"115",30,"061D03PR11","507","308","0.1492",62.0500000000266,"G1239A",1239,510,"plasma",7.29999999999336,"lymph_node",30
"117",30,"061D03PR12","411","134","0.16081",62.0500000000266,"G12A",12,510,"plasma",3.64999999999668,"plasma",30
"121",30,"061D03PR15","428","162","0.12497",62.0500000000266,"C558T",558,510,"plasma",14.5999999999867,"plasma",30
"123",30,"061D03PR15","428","162","0.12497",62.0500000000266,"C1213G",1213,510,"plasma",14.5999999999867,"plasma",30
"125",30,"061D03PR16","382","88","0.16282",62.0500000000266,"A460G",460,510,"plasma",0,"CD3",30
"127",30,"061D03PR19","447","194","0.10837",62.0500000000266,"C558T",558,510,"plasma",21.8999999999801,"CD3",30
"129",30,"061D03PR21","395","113","0.16332",62.0500000000266,"T18C",18,510,"plasma",0,"plasma",30
"133",30,"061D03PR21","395","113","0.16332",62.0500000000266,"G83A",83,510,"plasma",0,"plasma",30
"135",30,"061D03PR23","421","147","0.16163",62.0500000000266,"T684C",684,510,"plasma",3.64999999999668,"plasma",30
"137",30,"061D03UR01","373","76","0.18014",62.0500000000266,"C27T",27,510,"BAL",-3.64999999999668,"BAL",30
"139",30,"061D03UR01","373","76","0.18014",62.0500000000266,"T255C",255,510,"BAL",-3.64999999999668,"BAL",30
"141",30,"061D03UR18","374","77","0.1616",62.0500000000266,"C27T",27,510,"BAL",3.64999999999668,"BAL",30
"143",30,"061D03UR18","374","77","0.1616",62.0500000000266,"T255C",255,510,"BAL",3.64999999999668,"BAL",30
"145",30,"061D03UR19","446","192","0.16228",62.0500000000266,"G83A",83,510,"BAL",0,"plasma",30
"147",30,"061D03UR19","446","192","0.16228",62.0500000000266,"T255C",255,510,"BAL",0,"plasma",30
"149",30,"061D03UR19","446","192","0.16228",62.0500000000266,"T18C",18,510,"BAL",0,"plasma",30
"153",30,"061D03UR20","379","83","0.16098",62.0500000000266,"T30C",30,510,"BAL",3.64999999999668,"BAL",30
"155",30,"061D03UR20","379","83","0.16098",62.0500000000266,"T684C",684,510,"BAL",3.64999999999668,"BAL",30
"157",30,"061D03UR21","413","138","0.15372",62.0500000000266,"T18C",18,510,"BAL",3.64999999999668,"CD14",30
"161",30,"061D03UR27","377","82","0.13158",62.0500000000266,"G12A",12,510,"BAL",14.5999999999867,"BAL",30
"165",30,"061D03UR28","506","307","0.15983",62.0500000000266,"A15G",15,510,"BAL",3.64999999999668,"lymph_node",30
"171",30,"075D03AR04","381","86","0.20865",76.6500000000133,"A361G",361,510,"brain_parietal",0,"CD3",30
"173",30,"075D03AR05","454","221","0.18588",76.6500000000133,"C1254T",1254,510,"brain_parietal",7.29999999999336,"brain_parietal",30
"175",30,"075D03AR06","401","122","0.27102",76.6500000000133,"G12A",12,510,"brain_parietal",-25.5499999999768,"brain_parietal",30
"179",30,"075D03AR06","401","122","0.27102",76.6500000000133,"T165C",165,510,"brain_parietal",-25.5499999999768,"brain_parietal",30
"181",30,"075D03AR10","494","291","0.18959",76.6500000000133,"G474A",474,510,"brain_parietal",7.29999999999336,"brain_parietal",30
"183",30,"075D03AR10","494","291","0.18959",76.6500000000133,"A499G",499,510,"brain_parietal",7.29999999999336,"brain_parietal",30
"185",30,"075D03AR10","494","291","0.18959",76.6500000000133,"C558T",558,510,"brain_parietal",7.29999999999336,"brain_parietal",30
"187",30,"075D03AR10","494","291","0.18959",76.6500000000133,"C470A",470,510,"brain_parietal",7.29999999999336,"brain_parietal",30
"189",30,"075D03AR12","386","95","0.28005",76.6500000000133,"G83A",83,510,"brain_parietal",-25.5499999999768,"brain_parietal",30
"191",30,"075D03AR13","453","211","0.19909",76.6500000000133,"A417G",417,510,"brain_parietal",3.64999999999668,"brain_parietal",30
"193",30,"075D03AR14","494","292","0.18959",76.6500000000133,"G1038A",1038,510,"brain_parietal",7.29999999999336,"brain_parietal",30
"195",30,"075D03AR16","465","247","0.14764",76.6500000000133,"C684T",684,510,"brain_parietal",21.8999999999801,"plasma",30
"197",30,"075D03AR16","465","247","0.14764",76.6500000000133,"T255C",255,510,"brain_parietal",21.8999999999801,"plasma",30
"199",30,"075D03AR17","455","224","0.19413",76.6500000000133,"A194G",194,510,"brain_parietal",3.64999999999668,"brain_parietal",30
"201",30,"075D03AR17","455","224","0.19413",76.6500000000133,"A388G",388,510,"brain_parietal",3.64999999999668,"brain_parietal",30
"203",30,"075D03AR18","453","212","0.19909",76.6500000000133,"T165C",165,510,"brain_parietal",3.64999999999668,"brain_parietal",30
"205",30,"075D03AR19","442","186","0.20792",76.6500000000133,"C1254T",1254,510,"brain_parietal",0,"plasma",30
"207",30,"075D03AR21","453","218","0.19909",76.6500000000133,"A460G",460,510,"brain_parietal",3.64999999999668,"brain_parietal",30
"209",30,"075D03AR22","462","235","0.21117",76.6500000000133,"A388G",388,510,"brain_parietal",-3.64999999999668,"plasma",30
"211",30,"075D03AR22","462","235","0.21117",76.6500000000133,"C684T",684,510,"brain_parietal",-3.64999999999668,"plasma",30
"213",30,"075D03BR02","417","142","0.19061",76.6500000000133,"G12A",12,510,"bone_marrow",3.64999999999668,"plasma",30
"217",30,"075D03BR04","393","105","0.20407",76.6500000000133,"C27T",27,510,"bone_marrow",0,"plasma",30
"219",30,"075D03BR10","397","116","0.18765",76.6500000000133,"C684T",684,510,"bone_marrow",7.29999999999336,"bone_marrow",30
"221",30,"075D03BR12","394","110","0.19575",76.6500000000133,"G1239A",1239,510,"bone_marrow",3.64999999999668,"bone_marrow",30
"223",30,"075D03BR12","394","110","0.19575",76.6500000000133,"A1260T",1260,510,"bone_marrow",3.64999999999668,"bone_marrow",30
"225",30,"075D03BR20","474","264","0.19988",76.6500000000133,"G12A",12,510,"bone_marrow",3.64999999999668,"plasma",30
"229",30,"075D03BR22","393","108","0.20407",76.6500000000133,"G12A",12,510,"bone_marrow",0,"plasma",30
"233",30,"075D03FR15","384","91","0.31056",76.6500000000133,"C27T",27,510,"brain_frontal",-40.1499999999635,"plasma",30
"235",30,"075D03FR15","384","91","0.31056",76.6500000000133,"T684C",684,510,"brain_frontal",-40.1499999999635,"plasma",30
"237",30,"075D03FR17","422","149","0.22926",76.6500000000133,"T684C",684,510,"brain_frontal",-7.29999999999336,"brain_frontal",30
"239",30,"075D03FR19","424","154","0.2002",76.6500000000133,"A361G",361,510,"brain_frontal",3.64999999999668,"brain_frontal",30
"241",30,"075D03JR05","473","262","0.19947",76.6500000000133,"G474A",474,510,"lymph_node",3.64999999999668,"plasma",30
"243",30,"075D03JR06","404","127","0.26586",76.6500000000133,"C27T",27,510,"lymph_node",-21.8999999999801,"plasma",30
"245",30,"075D03JR06","404","127","0.26586",76.6500000000133,"A194G",194,510,"lymph_node",-21.8999999999801,"plasma",30
"247",30,"075D03JR06","404","127","0.26586",76.6500000000133,"A361G",361,510,"lymph_node",-21.8999999999801,"plasma",30
"249",30,"075D03JR12","504","303","0.19992",76.6500000000133,"C27T",27,510,"lymph_node",3.64999999999668,"lymph_node",30
"251",30,"075D03JR13","391","101","0.19988",76.6500000000133,"C27T",27,510,"lymph_node",3.64999999999668,"CD3",30
"253",30,"075D03JR13","391","101","0.19988",76.6500000000133,"A417G",417,510,"lymph_node",3.64999999999668,"CD3",30
"255",30,"075D03KR07","403","125","0.20205",76.6500000000133,"G1038A",1038,510,"CD3",0,"CD3",30
"257",30,"075D03KR07","403","125","0.20205",76.6500000000133,"T684C",684,510,"CD3",0,"CD3",30
"259",30,"075D03KR11","417","143","0.19061",76.6500000000133,"T18C",18,510,"CD3",3.64999999999668,"plasma",30
"263",30,"075D03KR11","417","143","0.19061",76.6500000000133,"A1260T",1260,510,"CD3",3.64999999999668,"plasma",30
"265",30,"075D03KR11","417","143","0.19061",76.6500000000133,"G1239A",1239,510,"CD3",3.64999999999668,"plasma",30
"267",30,"075D03KR12","392","103","0.18928",76.6500000000133,"C27T",27,510,"CD3",7.29999999999336,"CD3",30
"269",30,"075D03KR12","392","103","0.18928",76.6500000000133,"C558T",558,510,"CD3",7.29999999999336,"CD3",30
"271",30,"075D03KR13","389","99","0.22652",76.6500000000133,"G12A",12,510,"CD3",-7.29999999999336,"CD3",30
"275",30,"075D03KR15","403","124","0.20205",76.6500000000133,"C1213G",1213,510,"CD3",0,"CD3",30
"277",30,"075D03KR19","392","104","0.18928",76.6500000000133,"T18C",18,510,"CD3",7.29999999999336,"CD3",30
"281",30,"075D03KR19","392","104","0.18928",76.6500000000133,"T684C",684,510,"CD3",7.29999999999336,"CD3",30
"283",30,"075D03KR20","372","75","0.23626",76.6500000000133,"C27T",27,510,"CD3",-10.94999999999,"CD3",30
"285",30,"075D03KR21","414","140","0.17439",76.6500000000133,"A1260T",1260,510,"CD3",10.94999999999,"CD14",30
"287",30,"075D03KR21","414","140","0.17439",76.6500000000133,"G1239A",1239,510,"CD3",10.94999999999,"CD14",30
"289",30,"075D03OR05","316","4","0.26818",76.6500000000133,"G83A",83,510,"CD14",-21.8999999999801,"CD14",30
"291",30,"075D03OR07","409","131","0.20127",76.6500000000133,"T165C",165,510,"CD14",0,"CD14",30
"293",30,"075D03OR07","409","131","0.20127",76.6500000000133,"G474A",474,510,"CD14",0,"CD14",30
"295",30,"075D03OR07","409","131","0.20127",76.6500000000133,"A499G",499,510,"CD14",0,"CD14",30
"297",30,"075D03OR07","409","131","0.20127",76.6500000000133,"C558T",558,510,"CD14",0,"CD14",30
"299",30,"075D03OR07","409","131","0.20127",76.6500000000133,"C470A",470,510,"CD14",0,"CD14",30
"301",30,"075D03OR08","314","3","0.36152",76.6500000000133,"T27C",27,510,"CD14",-58.4000000000299,"CD14",30
"303",30,"075D03OR08","314","3","0.36152",76.6500000000133,"C129T",129,510,"CD14",-58.4000000000299,"CD14",30
"305",30,"075D03OR08","314","3","0.36152",76.6500000000133,"A133G",133,510,"CD14",-58.4000000000299,"CD14",30
"307",30,"075D03OR08","314","3","0.36152",76.6500000000133,"T684C",684,510,"CD14",-58.4000000000299,"CD14",30
"309",30,"075D03OR08","314","3","0.36152",76.6500000000133,"T135G",135,510,"CD14",-58.4000000000299,"CD14",30
"311",30,"075D03OR14","317","5","0.19802",76.6500000000133,"T165C",165,510,"CD14",3.64999999999668,"CD14",30
"313",30,"075D03OR15","314","2","0.36152",76.6500000000133,"G83A",83,510,"CD14",-58.4000000000299,"CD14",30
"315",30,"075D03OR17","320","18","0.19989",76.6500000000133,"T27C",27,510,"CD14",3.64999999999668,"meninges",30
"317",30,"075D03OR20","487","284","0.19681",76.6500000000133,"T255C",255,510,"CD14",3.64999999999668,"plasma",30
"319",30,"075D03OR22","317","6","0.19802",76.6500000000133,"T255C",255,510,"CD14",3.64999999999668,"CD14",30
"321",30,"075D03OR22","317","6","0.19802",76.6500000000133,"C558T",558,510,"CD14",3.64999999999668,"CD14",30
"323",30,"075D03OR22","317","6","0.19802",76.6500000000133,"T684C",684,510,"CD14",3.64999999999668,"CD14",30
"325",30,"075D03PR01","429","163","0.16032",76.6500000000133,"A460G",460,510,"plasma",18.2499999999834,"plasma",30
"327",30,"075D03PR01","429","163","0.16032",76.6500000000133,"A1260T",1260,510,"plasma",18.2499999999834,"plasma",30
"329",30,"075D03PR01","429","163","0.16032",76.6500000000133,"A83G",83,510,"plasma",18.2499999999834,"plasma",30
"331",30,"075D03PR02","385","94","0.30047",76.6500000000133,"A15G",15,510,"plasma",-32.8499999999701,"plasma",30
"337",30,"075D03PR02","385","94","0.30047",76.6500000000133,"T684C",684,510,"plasma",-32.8499999999701,"plasma",30
"339",30,"075D03PR02","385","94","0.30047",76.6500000000133,"C558T",558,510,"plasma",-32.8499999999701,"plasma",30
"341",30,"075D03PR03","458","231","0.19987",76.6500000000133,"C558T",558,510,"plasma",3.64999999999668,"CD14",30
"343",30,"075D03PR04","442","187","0.20792",76.6500000000133,"C27T",27,510,"plasma",0,"plasma",30
"345",30,"075D03PR04","442","187","0.20792",76.6500000000133,"A194G",194,510,"plasma",0,"plasma",30
"347",30,"075D03PR08","375","78","0.19696",76.6500000000133,"T684C",684,510,"plasma",3.64999999999668,"BAL",30
"349",30,"075D03PR08","375","78","0.19696",76.6500000000133,"C558T",558,510,"plasma",3.64999999999668,"BAL",30
"351",30,"075D03PR12","472","260","0.19387",76.6500000000133,"G12A",12,510,"plasma",3.64999999999668,"plasma",30
"355",30,"075D03PR14","460","233","0.2167",76.6500000000133,"A15G",15,510,"plasma",-3.64999999999668,"plasma",30
"361",30,"075D03PR17","456","226","0.22282",76.6500000000133,"C27T",27,510,"plasma",-7.29999999999336,"plasma",30
"363",30,"075D03PR17","456","226","0.22282",76.6500000000133,"T255C",255,510,"plasma",-7.29999999999336,"plasma",30
"365",30,"075D03PR19","421","148","0.19998",76.6500000000133,"C558T",558,510,"plasma",3.64999999999668,"plasma",30
"367",30,"075D03PR20","446","193","0.20063",76.6500000000133,"C27T",27,510,"plasma",0,"plasma",30
"369",30,"075D03PR20","446","193","0.20063",76.6500000000133,"T129C",129,510,"plasma",0,"plasma",30
"371",30,"075D03PR20","446","193","0.20063",76.6500000000133,"G133A",133,510,"plasma",0,"plasma",30
"373",30,"075D03PR20","446","193","0.20063",76.6500000000133,"G135T",135,510,"plasma",0,"plasma",30
"375",30,"075D03PR22","395","112","0.20167",76.6500000000133,"T558C",558,510,"plasma",0,"plasma",30
"377",30,"075D03PR23","412","137","0.20008",76.6500000000133,"G12A",12,510,"plasma",3.64999999999668,"plasma",30
"381",30,"075D03PR24","403","126","0.20205",76.6500000000133,"T684C",684,510,"plasma",0,"CD3",30
"383",30,"075D03PR24","403","126","0.20205",76.6500000000133,"T165C",165,510,"plasma",0,"CD3",30
"385",30,"075D03PR24","403","126","0.20205",76.6500000000133,"C1254T",1254,510,"plasma",0,"CD3",30
"387",30,"075D03TR05","463","244","0.20879",76.6500000000133,"C27T",27,510,"brain_temporal",0,"plasma",30
"389",30,"075D03TR06","387","96","0.20843",76.6500000000133,"C1213G",1213,510,"brain_temporal",0,"brain_temporal",30
"391",30,"075D03TR17","490","287","0.16107",76.6500000000133,"A417G",417,510,"brain_temporal",14.5999999999867,"brain_temporal",30
"393",30,"075D03UR03","320","12","0.19989",76.6500000000133,"G1216A",1216,510,"BAL",3.64999999999668,"meninges",30
"395",30,"075D03UR07","320","19","0.19989",76.6500000000133,"G83A",83,510,"BAL",3.64999999999668,"meninges",30
"397",30,"075D03UR28","320","16","0.19989",76.6500000000133,"A417G",417,510,"BAL",3.64999999999668,"meninges",30
"399",30,"NODE_0000026","450","451","0.01168",7.29999999999336,"T30C",30,510,"CD14",3.64999999999668,"CD14",30
"401",30,"NODE_0000032","457","458","0.00679",3.64999999999668,"T30C",30,510,"CD14",0,"CD14",30
"403",30,"NODE_0000050","485","488","0.00098",0,"C684T",684,510,"plasma",0,"plasma",30
"405",30,"NODE_0000051","488","489","0.10666",40.1499999999635,"C27T",27,510,"CD14",0,"plasma",30
"407",30,"NODE_0000051","488","489","0.10666",40.1499999999635,"T129C",129,510,"CD14",0,"plasma",30
"409",30,"NODE_0000051","488","489","0.10666",40.1499999999635,"G133A",133,510,"CD14",0,"plasma",30
"411",30,"NODE_0000051","488","489","0.10666",40.1499999999635,"G135T",135,510,"CD14",0,"plasma",30
"413",30,"NODE_0000053","488","490","0.0447",14.5999999999867,"G1038A",1038,510,"brain_temporal",0,"plasma",30
"415",30,"NODE_0000054","490","491","0.06505",40.1499999999635,"T558C",558,510,"brain_temporal",14.5999999999867,"brain_temporal",30
"417",30,"NODE_0000054","490","491","0.06505",40.1499999999635,"C1213G",1213,510,"brain_temporal",14.5999999999867,"brain_temporal",30
"419",30,"NODE_0000055","488","492","0.00249",0,"T558C",558,510,"CD14",0,"plasma",30
"421",30,"NODE_0000059","495","496","0.00216",3.64999999999668,"T165C",165,510,"CD14",0,"CD14",30
"423",30,"NODE_0000067","495","503","0.00122",0,"T255C",255,510,"lymph_node",0,"CD14",30
"425",30,"NODE_0000070","504","505","0.04673",18.2499999999834,"C255T",255,510,"CD14",3.64999999999668,"lymph_node",30
"427",30,"NODE_0000073","506","507","0.01063",7.29999999999336,"A1260T",1260,510,"lymph_node",3.64999999999668,"lymph_node",30
"429",30,"NODE_0000087","468","469","0.12892",47.4500000000398,"A361G",361,510,"lymph_node",3.64999999999668,"plasma",30
"431",30,"NODE_0000088","468","470","0.00613",3.64999999999668,"T165C",165,510,"brain_frontal",3.64999999999668,"plasma",30
"433",30,"NODE_0000094","463","471","0.00217",0,"C684T",684,510,"plasma",0,"plasma",30
"435",30,"NODE_0000095","471","474","0.00673",3.64999999999668,"A1260T",1260,510,"plasma",0,"plasma",30
"437",30,"NODE_0000097","474","475","0.10384",40.1499999999635,"T684C",684,510,"brain_frontal",3.64999999999668,"plasma",30
"439",30,"NODE_0000097","474","475","0.10384",40.1499999999635,"G1239A",1239,510,"brain_frontal",3.64999999999668,"plasma",30
"441",30,"NODE_0000099","471","472","0.01274",3.64999999999668,"T255C",255,510,"plasma",0,"plasma",30
"443",30,"NODE_0000103","471","473","0.00715",3.64999999999668,"C27T",27,510,"plasma",0,"plasma",30
"445",30,"NODE_0000104","471","476","0.00257",0,"T558C",558,510,"plasma",0,"plasma",30
"447",30,"NODE_0000105","476","477","0.01133",3.64999999999668,"C1213G",1213,510,"plasma",0,"plasma",30
"449",30,"NODE_0000106","477","478","0.0475",21.8999999999801,"A417G",417,510,"plasma",3.64999999999668,"plasma",30
"451",30,"NODE_0000106","477","478","0.0475",21.8999999999801,"C558T",558,510,"plasma",3.64999999999668,"plasma",30
"453",30,"NODE_0000108","476","479","0.04407",18.2499999999834,"A194G",194,510,"plasma",0,"plasma",30
"455",30,"NODE_0000108","476","479","0.04407",18.2499999999834,"A388G",388,510,"plasma",0,"plasma",30
"457",30,"NODE_0000109","479","480","0.06292",40.1499999999635,"C27T",27,510,"plasma",18.2499999999834,"plasma",30
"459",30,"NODE_0000121","432","433","0.0736",18.2499999999834,"C27T",27,510,"brain_temporal",-7.29999999999336,"CD14",30
"461",30,"NODE_0000122","432","442","0.0217",0,"G1239A",1239,510,"plasma",-7.29999999999336,"CD14",30
"463",30,"NODE_0000122","432","442","0.0217",0,"A1260T",1260,510,"plasma",-7.29999999999336,"CD14",30
"465",30,"NODE_0000125","443","444","0.00801",3.64999999999668,"T255C",255,510,"CD14",3.64999999999668,"CD14",30
"467",30,"NODE_0000130","446","447","0.05391",21.8999999999801,"C27T",27,510,"CD3",0,"plasma",30
"469",30,"NODE_0000130","446","447","0.05391",21.8999999999801,"A388G",388,510,"CD3",0,"plasma",30
"471",30,"NODE_0000138","436","437","0.00584",3.64999999999668,"G12A",12,510,"brain_parietal",0,"brain_parietal",30
"475",30,"NODE_0000139","437","438","0.10379",40.1499999999635,"C255T",255,510,"bone_marrow",3.64999999999668,"brain_parietal",30
"477",30,"NODE_0000140","437","439","0.00548",3.64999999999668,"C558T",558,510,"brain_parietal",3.64999999999668,"brain_parietal",30
"479",30,"NODE_0000141","439","440","0.01405",10.94999999999,"T165C",165,510,"brain_parietal",3.64999999999668,"brain_parietal",30
"481",30,"NODE_0000142","440","441","0.0962",43.7999999999602,"C255T",255,510,"brain_parietal",10.94999999999,"brain_parietal",30
"483",30,"NODE_0000151","407","408","0.04659",3.64999999999668,"T684C",684,510,"plasma",-14.5999999999867,"plasma",30
"485",30,"NODE_0000154","410","415","0.04897",0,"C558T",558,510,"plasma",-18.2499999999834,"plasma",30
"487",30,"NODE_0000155","415","416","0.00851",3.64999999999668,"C165T",165,510,"plasma",0,"plasma",30
"489",30,"NODE_0000156","416","417","0.00934",3.64999999999668,"T684C",684,510,"plasma",3.64999999999668,"plasma",30
"491",30,"NODE_0000157","415","418","0.01039",3.64999999999668,"C27T",27,510,"plasma",0,"plasma",30
"493",30,"NODE_0000163","410","412","0.05734",3.64999999999668,"T684C",684,510,"plasma",-18.2499999999834,"plasma",30
"495",30,"NODE_0000166","413","414","0.01769",10.94999999999,"C27T",27,510,"CD14",3.64999999999668,"CD14",30
"497",30,"NODE_0000168","420","421","0.0459",3.64999999999668,"C27T",27,510,"plasma",-14.5999999999867,"plasma",30
"499",30,"NODE_0000168","420","421","0.0459",3.64999999999668,"C165T",165,510,"plasma",-14.5999999999867,"plasma",30
"501",30,"NODE_0000171","422","424","0.02906",3.64999999999668,"G1239A",1239,510,"brain_frontal",-7.29999999999336,"brain_frontal",30
"503",30,"NODE_0000171","422","424","0.02906",3.64999999999668,"A1260T",1260,510,"brain_frontal",-7.29999999999336,"brain_frontal",30
"505",30,"NODE_0000179","422","425","0.02143",0,"T129C",129,510,"brain_frontal",-7.29999999999336,"brain_frontal",30
"507",30,"NODE_0000179","422","425","0.02143",0,"G133A",133,510,"brain_frontal",-7.29999999999336,"brain_frontal",30
"509",30,"NODE_0000179","422","425","0.02143",0,"G135T",135,510,"brain_frontal",-7.29999999999336,"brain_frontal",30
"511",30,"NODE_0000180","425","426","0.00778",3.64999999999668,"G83A",83,510,"brain_frontal",0,"brain_frontal",30
"513",30,"NODE_0000181","426","427","0.0212",10.94999999999,"T18C",18,510,"plasma",3.64999999999668,"brain_frontal",30
"517",30,"NODE_0000182","427","428","0.01552",14.5999999999867,"T684C",684,510,"plasma",10.94999999999,"plasma",30
"519",30,"NODE_0000183","427","429","0.01853",18.2499999999834,"C165T",165,510,"plasma",10.94999999999,"plasma",30
"521",30,"NODE_0000186","402","403","0.06609",0,"C27T",27,510,"CD3",-21.8999999999801,"plasma",30
"523",30,"NODE_0000198","386","393","0.07597",0,"C558T",558,510,"plasma",-25.5499999999768,"brain_parietal",30
"525",30,"NODE_0000203","393","394","0.00832",3.64999999999668,"A15G",15,510,"bone_marrow",0,"plasma",30
"531",30,"NODE_0000204","393","395","0.0024",0,"T684C",684,510,"plasma",0,"plasma",30
"533",30,"NODE_0000205","395","396","0.11688",43.7999999999602,"G12A",12,510,"CD14",0,"plasma",30
"537",30,"NODE_0000209","395","397","0.01403",7.29999999999336,"G388A",388,510,"bone_marrow",0,"plasma",30
"539",30,"NODE_0000211","397","398","0.07853",36.4999999999668,"C27T",27,510,"bone_marrow",7.29999999999336,"bone_marrow",30
"541",30,"NODE_0000213","399","400","0.06599",36.4999999999668,"T558C",558,510,"CD3",10.94999999999,"plasma",30
"543",30,"NODE_0000216","387","388","0.00828",3.64999999999668,"C27T",27,510,"brain_temporal",0,"brain_temporal",30
"545",30,"NODE_0000222","378","379","0.14012",3.64999999999668,"G12A",12,510,"BAL",-47.4500000000398,"plasma",30
"549",30,"NODE_0000226","381","382","0.00747",0,"T18C",18,510,"CD3",0,"CD3",30
"553",30,"NODE_0000228","382","383","0.06362",25.5499999999768,"G1038A",1038,510,"brain_temporal",0,"CD3",30
"555",30,"NODE_0000233","368","369","0.11119",3.64999999999668,"A417G",417,510,"brain_frontal",-36.4999999999668,"brain_frontal",30
"557",30,"NODE_0000233","368","369","0.11119",3.64999999999668,"T684C",684,510,"brain_frontal",-36.4999999999668,"brain_frontal",30
"559",30,"NODE_0000239","373","374","0.01854",3.64999999999668,"A277T",277,510,"BAL",-3.64999999999668,"BAL",30
"561",30,"NODE_0000241","375","376","0.14364",54.7500000000332,"G12A",12,510,"plasma",3.64999999999668,"BAL",30
"565",30,"NODE_0000243","375","377","0.02702",14.5999999999867,"G83A",83,510,"BAL",3.64999999999668,"BAL",30
"567",30,"NODE_0000250","316","317","0.07016",3.64999999999668,"T27C",27,510,"CD14",-21.8999999999801,"CD14",30
"569",30,"NODE_0000250","316","317","0.07016",3.64999999999668,"C129T",129,510,"CD14",-21.8999999999801,"CD14",30
"571",30,"NODE_0000250","316","317","0.07016",3.64999999999668,"A133G",133,510,"CD14",-21.8999999999801,"CD14",30
"573",30,"NODE_0000250","316","317","0.07016",3.64999999999668,"T135G",135,510,"CD14",-21.8999999999801,"CD14",30
"575",30,"NODE_0000250","316","317","0.07016",3.64999999999668,"A277T",277,510,"CD14",-21.8999999999801,"CD14",30
"577",30,"NODE_0000252","318","319","0.07515",0,"C470A",470,510,"meninges",-25.5499999999768,"CD14",30
"579",30,"NODE_0000252","318","319","0.07515",0,"A499G",499,510,"meninges",-25.5499999999768,"CD14",30
"581",30,"NODE_0000253","319","320","0.00485",3.64999999999668,"G474A",474,510,"meninges",0,"meninges",30
"583",30,"NODE_0000267","322","323","0.09053",40.1499999999635,"A1213G",1213,510,"CD14",3.64999999999668,"CD14",30
"585",30,"NODE_0000267","322","323","0.09053",40.1499999999635,"G1216A",1216,510,"CD14",3.64999999999668,"CD14",30
"587",30,"NODE_0000267","322","323","0.09053",40.1499999999635,"T1254C",1254,510,"CD14",3.64999999999668,"CD14",30
"589",60,"061D03KR01","398","117","0.07076",62.0500000000266,"G12A",12,510,"CD3",36.4999999999668,"bone_marrow",60
"593",60,"061D03KR01","398","117","0.07076",62.0500000000266,"G1038A",1038,510,"CD3",36.4999999999668,"bone_marrow",60
"595",60,"061D03PR05","480","271","0.0587",62.0500000000266,"C558T",558,510,"plasma",40.1499999999635,"plasma",60
"597",60,"061D03PR05","480","271","0.0587",62.0500000000266,"T684C",684,510,"plasma",40.1499999999635,"plasma",60
"599",60,"075D03BR13","398","118","0.10912",76.6500000000133,"A1260T",1260,510,"bone_marrow",36.4999999999668,"bone_marrow",60
"601",60,"075D03FR14","475","266","0.09604",76.6500000000133,"C27T",27,510,"brain_frontal",40.1499999999635,"brain_frontal",60
"603",60,"075D03JR04","469","252","0.07114",76.6500000000133,"T30C",30,510,"lymph_node",47.4500000000398,"lymph_node",60
"605",60,"075D03KR03","400","120","0.10788",76.6500000000133,"A417G",417,510,"CD3",36.4999999999668,"CD3",60
"607",60,"075D03KR04","400","121","0.10788",76.6500000000133,"G12A",12,510,"CD3",36.4999999999668,"CD3",60
"611",60,"075D03KR04","400","121","0.10788",76.6500000000133,"C684T",684,510,"CD3",36.4999999999668,"CD3",60
"613",60,"075D03OR16","324","23","0.04074",76.6500000000133,"A460G",460,510,"CD14",58.4000000000299,"CD14",60
"615",60,"075D03OR21","489","286","0.09912",76.6500000000133,"T255C",255,510,"CD14",40.1499999999635,"CD14",60
"617",60,"075D03PR05","480","272","0.09706",76.6500000000133,"G194A",194,510,"plasma",40.1499999999635,"plasma",60
"619",60,"075D03PR13","430","165","0.10131",76.6500000000133,"T684C",684,510,"plasma",36.4999999999668,"plasma",60
"621",60,"NODE_0000268","323","324","0.05924",58.4000000000299,"G1213C",1213,510,"CD14",40.1499999999635,"CD14",60
